timestamp,source,title,url,attempts,retry_count,status,saved_path
2026-10-04 19:57:04,gcbt,巨乳萌娃Yui清晨扣玩粉穴穿情趣網襪撅臀肛交＆透視睡衣裝榨精騎臉舔穴扛腿激勵抽插顏射等 720p,https://gcbt.net/download/776088.html,2,1,SUCCESS,pdf/2026/2026-10-05_巨乳萌娃Yui清晨扣玩粉穴穿情趣網襪撅臀肛交＆透視睡衣裝榨精騎臉舔穴扛腿激勵抽插顏射等 720p_gcbt.pdf
2026-10-04 19:57:07,gcbt,綠帽情侶｜混血CC｜雙女被三男圍攻露臉口交女上位騎乘波濤洶湧＆生日淫趴K歌房與眾男沙發激戰開房前後夾擊持續猛肏餵飽淫屄等 720p,https://gcbt.net/download/776090.html,2,1,SUCCESS,pdf/2026/2026-10-05_綠帽情侶｜混血CC｜雙女被三男圍攻露臉口交女上位騎乘波濤洶湧＆生日淫趴K歌房與眾男沙發激戰開房前後夾擊持續猛肏餵飽淫屄等 720p_gcbt.pdf
2026-10-04 19:57:16,gcbt,原創 綠帽情侶｜混血CC｜雙女被三男圍攻露臉口交女上位騎乘波濤洶湧＆生日淫趴K歌房與眾男沙發激戰開房前後夾擊持續猛肏餵飽淫屄等 720p,https://gcbt.net/download/776089.html,1,0,SUCCESS,pdf/2026/2026-10-05_原創 綠帽情侶｜混血CC｜雙女被三男圍攻露臉口交女上位騎乘波濤洶湧＆生日淫趴K歌房與眾男沙發激戰開房前後夾擊持續猛肏餵飽淫屄等 720p_gcbt.pdf
2026-10-04 19:57:29,gcbt,怪咖灌醉肉感陪酒妹帶回寓所迷玩套絲襪強肏內射／肉感巨乳少婦浴缸被歹徒掐暈強制深喉粗暴抽插等 720p,https://gcbt.net/download/776087.html,1,0,SUCCESS,pdf/2026/2026-10-05_怪咖灌醉肉感陪酒妹帶回寓所迷玩套絲襪強肏內射／肉感巨乳少婦浴缸被歹徒掐暈強制深喉粗暴抽插等 720p_gcbt.pdf
2026-10-04 19:57:29,gcbt,原創 巨乳萌娃Yui清晨扣玩粉穴穿情趣網襪撅臀肛交＆透視睡衣裝榨精騎臉舔穴扛腿激勵抽插顏射等 720p,https://gcbt.net/download/776077.html,1,0,SUCCESS,pdf/2026/2026-10-05_原創 巨乳萌娃Yui清晨扣玩粉穴穿情趣網襪撅臀肛交＆透視睡衣裝榨精騎臉舔穴扛腿激勵抽插顏射等 720p_gcbt.pdf
2026-10-04 19:57:37,gcbt,原創 巨乳華裔水水被迫吮吸室友雞巴女上位狂搖潮噴＆瑜伽教練道具自慰色誘猛男各種體位抽插口爆等 720p,https://gcbt.net/download/776082.html,2,1,SUCCESS,pdf/2026/2026-10-05_原創 巨乳華裔水水被迫吮吸室友雞巴女上位狂搖潮噴＆瑜伽教練道具自慰色誘猛男各種體位抽插口爆等 720p_gcbt.pdf
2026-10-04 19:57:40,gcbt,原創 怪咖灌醉肉感陪酒妹帶回寓所迷玩套絲襪強肏內射／肉感巨乳少婦浴缸被歹徒掐暈強制深喉粗暴抽插等 720p,https://gcbt.net/download/776078.html,1,0,SUCCESS,pdf/2026/2026-10-05_原創 怪咖灌醉肉感陪酒妹帶回寓所迷玩套絲襪強肏內射／肉感巨乳少婦浴缸被歹徒掐暈強制深喉粗暴抽插等 720p_gcbt.pdf
2026-10-04 19:57:42,gcbt,原創 巨乳華裔水水贈男友聖誕殊禮白絲足交啪啪潮噴／蜜桃臀SSR穿性感黑絲約炮友女上位瘋搖等 720p,https://gcbt.net/download/776081.html,2,1,SUCCESS,pdf/2026/2026-10-05_原創 巨乳華裔水水贈男友聖誕殊禮白絲足交啪啪潮噴／蜜桃臀SSR穿性感黑絲約炮友女上位瘋搖等 720p_gcbt.pdf
2026-10-04 19:57:43,gcbt,巨乳華裔水水被迫吮吸室友雞巴女上位狂搖潮噴＆瑜伽教練道具自慰色誘猛男各種體位抽插口爆等 720p,https://gcbt.net/download/776083.html,2,1,SUCCESS,pdf/2026/2026-10-05_巨乳華裔水水被迫吮吸室友雞巴女上位狂搖潮噴＆瑜伽教練道具自慰色誘猛男各種體位抽插口爆等 720p_gcbt.pdf
2026-10-04 19:57:48,gcbt,酒店愉拍大学生情侣课余开房御姐美女被爱打英雄联盟的男友口爆,https://gcbt.net/download/776055.html,1,0,SUCCESS,pdf/2026/2026-10-04_酒店愉拍大学生情侣课余开房御姐美女被爱打英雄联盟的男友口爆_gcbt.pdf
2026-10-04 19:57:52,gcbt,【懒懒猪lazypiggy】淫荡女房东上门收租交不起房租就乖乖用鸡巴偿还吧(无水原档),https://gcbt.net/download/776057.html,1,0,SUCCESS,pdf/2026/2026-10-04_【懒懒猪lazypiggy】淫荡女房东上门收租交不起房租就乖乖用鸡巴偿还吧(无水原档)_gcbt.pdf
2026-10-04 19:58:02,gcbt,巨乳華裔水水贈男友聖誕殊禮白絲足交啪啪潮噴／蜜桃臀SSR穿性感黑絲約炮友女上位瘋搖等 720p,https://gcbt.net/download/776084.html,3,2,SUCCESS,pdf/2026/2026-10-05_巨乳華裔水水贈男友聖誕殊禮白絲足交啪啪潮噴／蜜桃臀SSR穿性感黑絲約炮友女上位瘋搖等 720p_gcbt.pdf
2026-10-04 19:58:03,gcbt,最新，露脸，大二学生妹【主人的乖女儿】和男友同居，洗澡自拍，第一视角操逼，干得鬼哭狼嚎的,https://gcbt.net/download/776054.html,1,0,SUCCESS,pdf/2026/2026-10-04_最新，露脸，大二学生妹【主人的乖女儿】和男友同居，洗澡自拍，第一视角操逼，干得鬼哭狼嚎的_gcbt.pdf
2026-10-04 19:58:04,gcbt,推特女神泡沫【绝对の母犬 sub pupply】千元VIP裸舞 吃鸡 高压力喷水,https://gcbt.net/download/776056.html,1,0,SUCCESS,pdf/2026/2026-10-04_推特女神泡沫【绝对の母犬 sub pupply】千元VIP裸舞 吃鸡 高压力喷水_gcbt.pdf
2026-10-04 19:58:58,gcbt,约啪大神【鱼哥】巨乳奶牛装小母狗,https://gcbt.net/download/776036.html,1,0,SUCCESS,pdf/2026/2026-10-04_约啪大神【鱼哥】巨乳奶牛装小母狗_gcbt.pdf
2026-10-04 19:58:59,gcbt,最新，真实良家情侣自拍【小鱼教主】完美露脸，清纯小仙女甜美反差，家中被男友干了两炮，高潮爽了,https://gcbt.net/download/776029.html,1,0,SUCCESS,pdf/2026/2026-10-04_最新，真实良家情侣自拍【小鱼教主】完美露脸，清纯小仙女甜美反差，家中被男友干了两炮，高潮爽了_gcbt.pdf
2026-10-04 19:59:03,gcbt,南韓完美身材名媛SunWall海邊遇好色男被灌醉強肏＆空姐制服裝召猛男胸部按摩舔玩假屌後入抽插等 720p,https://gcbt.net/download/776031.html,1,0,SUCCESS,pdf/2026/2026-10-04_南韓完美身材名媛SunWall海邊遇好色男被灌醉強肏＆空姐制服裝召猛男胸部按摩舔玩假屌後入抽插等 720p_gcbt.pdf
2026-10-04 19:59:10,gcbt,我的青梅竹马是魅魔_黑丝高跟极致引诱_无套深插不停中出灌精,https://gcbt.net/download/776037.html,1,0,SUCCESS,pdf/2026/2026-10-04_我的青梅竹马是魅魔_黑丝高跟极致引诱_无套深插不停中出灌精_gcbt.pdf
2026-10-04 19:59:21,gcbt,兔兔 黑絲按摩女郎亂指尖上的SPA 肉棒好硬好大呀深喉吸吮 女上位搖擺榨精 超深頂撞喘息淫射,https://gcbt.net/download/776033.html,1,0,SUCCESS,pdf/2026/2026-10-04_兔兔 黑絲按摩女郎亂指尖上的SPA 肉棒好硬好大呀深喉吸吮 女上位搖擺榨精 超深頂撞喘息淫射_gcbt.pdf
2026-10-04 19:59:23,gcbt,性愛人氣大神『海盜船長』7月最新肛交性愛大片來襲 爆操極品豐臀 叫聲太淫盪了,https://gcbt.net/download/776032.html,1,0,SUCCESS,pdf/2026/2026-10-04_性愛人氣大神『海盜船長』7月最新肛交性愛大片來襲 爆操極品豐臀 叫聲太淫盪了_gcbt.pdf
2026-10-04 19:59:25,gcbt,高顏值大奶姐姐 幹我 喜歡騷逼被射的滿滿 這麼騷是不是被許多同事操過 看看騷逼都腫了 無套內射肥臀小蠻腰 騷話不停,https://gcbt.net/download/776034.html,1,0,SUCCESS,pdf/2026/2026-10-04_高顏值大奶姐姐 幹我 喜歡騷逼被射的滿滿 這麼騷是不是被許多同事操過 看看騷逼都腫了 無套內射肥臀小蠻腰 騷話不停_gcbt.pdf
2026-10-04 19:59:35,gcbt,无毛花臂潮女【Miru】自己要求两猛男做爱，才干到一半身体就崩了,https://gcbt.net/download/776013.html,1,0,SUCCESS,pdf/2026/2026-10-04_无毛花臂潮女【Miru】自己要求两猛男做爱，才干到一半身体就崩了_gcbt.pdf
2026-10-04 19:59:42,gcbt,【S级泄密】内蒙古高颜值嫩妹跟男友激情做爱，露脸口交舔蛋被大屌后入娇喘不断，不雅视频流出（38P 14V）,https://gcbt.net/download/776014.html,1,0,SUCCESS,pdf/2026/2026-10-04_【S级泄密】内蒙古高颜值嫩妹跟男友激情做爱，露脸口交舔蛋被大屌后入娇喘不断，不雅视频流出（38P 14V）_gcbt.pdf
2026-10-04 19:59:50,gcbt,佛山02夫妻骚逼说好想要大鸡巴，草死她，看着她跟单男翻云覆雨心里有点吃醋但是绿帽的爽感又占据了大脑,https://gcbt.net/download/776018.html,1,0,SUCCESS,pdf/2026/2026-10-04_佛山02夫妻骚逼说好想要大鸡巴，草死她，看着她跟单男翻云覆雨心里有点吃醋但是绿帽的爽感又占据了大脑_gcbt.pdf
2026-10-04 19:59:54,gcbt,专注良家少妇熟女约炮大神【狗哥原创】福利⑷，爆干各种巨乳肥臀丰腴母狗，有露脸(16V),https://gcbt.net/download/776012.html,1,0,SUCCESS,pdf/2026/2026-10-04_专注良家少妇熟女约炮大神【狗哥原创】福利⑷，爆干各种巨乳肥臀丰腴母狗，有露脸(16V)_gcbt.pdf
2026-10-04 20:00:09,gcbt,推特苗條淫娃｜咕姆GoMu｜塞遙控道具露出街邊自慰失禁返家騎乘雞巴＆遠坂凜黑絲足交蹂躪美乳扶屌入屄瘋狂抽插內射粉鮑白漿四溢等 720p,https://gcbt.net/download/776023.html,1,0,SUCCESS,pdf/2026/2026-10-04_推特苗條淫娃｜咕姆GoMu｜塞遙控道具露出街邊自慰失禁返家騎乘雞巴＆遠坂凜黑絲足交蹂躪美乳扶屌入屄瘋狂抽插內射粉鮑白漿四溢等 720p_gcbt.pdf
2026-10-04 20:00:41,gcbt,晚柠学姐-公寓～我的合租室友,https://gcbt.net/download/776039.html,4,3,SUCCESS,pdf/2026/2026-10-04_晚柠学姐-公寓～我的合租室友_gcbt.pdf
2026-10-04 20:00:54,gcbt,肉肉的洋气巨乳美少女嫩妹露脸造爱自拍，欲仙欲死舔手指，极度反差 (39V),https://gcbt.net/download/776058.html,5,4,SUCCESS,pdf/2026/2026-10-04_肉肉的洋气巨乳美少女嫩妹露脸造爱自拍，欲仙欲死舔手指，极度反差 (39V)_gcbt.pdf
2026-10-04 20:01:12,gcbt,"【7BOSS约啪】约了口活一流妹妹,服务好还是个白虎,水又多真舒服 无水原版",https://gcbt.net/download/776028.html,5,4,SUCCESS,"pdf/2026/2026-10-04_【7BOSS约啪】约了口活一流妹妹,服务好还是个白虎,水又多真舒服 无水原版_gcbt.pdf"
2026-10-04 20:02:07,gcbt,一绳所爱 捆绑 绳艺 捆绑 绳艺 调教26-03,https://gcbt.net/download/775995.html,1,0,SUCCESS,pdf/2026/2026-10-04_一绳所爱 捆绑 绳艺 捆绑 绳艺 调教26-03_gcbt.pdf
2026-10-04 20:02:29,gcbt,情侶宿舍約會短發女友 剛做完美甲就過來吃雞無套插入騎乘後入 眼神被操,https://gcbt.net/download/775981.html,2,1,SUCCESS,pdf/2026/2026-10-04_情侶宿舍約會短發女友 剛做完美甲就過來吃雞無套插入騎乘後入 眼神被操_gcbt.pdf
2026-10-04 20:02:30,gcbt,前戲就差點射了，媳婦口活兒太好，強忍著操舒服老婆再說,https://gcbt.net/download/775979.html,2,1,SUCCESS,pdf/2026/2026-10-04_前戲就差點射了，媳婦口活兒太好，強忍著操舒服老婆再說_gcbt.pdf
2026-10-04 20:02:44,gcbt,高顏值女神裸替演員『沈樵』超大尺度劇情小電影-芭提雅失足少男第一次和女生做愛,https://gcbt.net/download/775978.html,2,1,SUCCESS,pdf/2026/2026-10-04_高顏值女神裸替演員『沈樵』超大尺度劇情小電影-芭提雅失足少男第一次和女生做愛_gcbt.pdf
2026-10-04 20:02:56,gcbt,原創 南韓完美身材名媛SunWall海邊遇好色男被灌醉強肏＆空姐制服裝召猛男胸部按摩舔玩假屌後入抽插等 720p,https://gcbt.net/download/776024.html,3,2,SUCCESS,pdf/2026/2026-10-04_原創 南韓完美身材名媛SunWall海邊遇好色男被灌醉強肏＆空姐制服裝召猛男胸部按摩舔玩假屌後入抽插等 720p_gcbt.pdf
2026-10-04 20:02:57,gcbt,乱伦继父的禁忌占有梓怡，女儿的粉嫩爆乳白丝深喉口交狂插无毛小穴中出精液灌满到溢出,https://gcbt.net/download/776007.html,1,0,SUCCESS,pdf/2026/2026-10-04_乱伦继父的禁忌占有梓怡，女儿的粉嫩爆乳白丝深喉口交狂插无毛小穴中出精液灌满到溢出_gcbt.pdf
2026-10-04 20:03:01,gcbt,约炮大神【糖葫芦防身术传人】別人的女友32E黄金比例腰臀比，要我玩几次都可以,https://gcbt.net/download/776010.html,2,1,SUCCESS,pdf/2026/2026-10-04_约炮大神【糖葫芦防身术传人】別人的女友32E黄金比例腰臀比，要我玩几次都可以_gcbt.pdf
2026-10-04 20:03:05,gcbt,兄妹乱伦可爱妹妹化身足球宝贝色诱 哥哥全程无套打桩粉嫩白虎穴夹的好爽烫热喷射在小穴里,https://gcbt.net/download/776008.html,1,0,SUCCESS,pdf/2026/2026-10-04_兄妹乱伦可爱妹妹化身足球宝贝色诱 哥哥全程无套打桩粉嫩白虎穴夹的好爽烫热喷射在小穴里_gcbt.pdf
2026-10-04 20:03:08,gcbt,喵叽小糯，嫩穴阿狸被捆绑强制抽插 小穴却淫水泛滥很舒服甘愿成为肉便器,https://gcbt.net/download/776009.html,2,1,SUCCESS,pdf/2026/2026-10-04_喵叽小糯，嫩穴阿狸被捆绑强制抽插 小穴却淫水泛滥很舒服甘愿成为肉便器_gcbt.pdf
2026-10-04 20:03:19,gcbt,原創 推特苗條淫娃｜咕姆GoMu｜塞遙控道具露出街邊自慰失禁返家騎乘雞巴＆遠坂凜黑絲足交蹂躪美乳扶屌入屄瘋狂抽插內射粉鮑白漿四溢等 720p,https://gcbt.net/download/776005.html,1,0,SUCCESS,pdf/2026/2026-10-04_原創 推特苗條淫娃｜咕姆GoMu｜塞遙控道具露出街邊自慰失禁返家騎乘雞巴＆遠坂凜黑絲足交蹂躪美乳扶屌入屄瘋狂抽插內射粉鮑白漿四溢等 720p_gcbt.pdf
2026-10-04 20:03:19,gcbt,国产素人自拍強片20部合集A,https://gcbt.net/download/775970.html,1,0,SUCCESS,pdf/2026/2026-10-04_国产素人自拍強片20部合集A_gcbt.pdf
2026-10-04 20:03:20,gcbt,高颜值白虎少萝福利姬【小鸢宝宝】最新独家定制，西格莉卡上篇，露脸白虎骚逼自慰,https://gcbt.net/download/776011.html,3,2,SUCCESS,pdf/2026/2026-10-04_高颜值白虎少萝福利姬【小鸢宝宝】最新独家定制，西格莉卡上篇，露脸白虎骚逼自慰_gcbt.pdf
2026-10-04 20:03:30,gcbt,国产素人自拍強片30部合集B,https://gcbt.net/download/775969.html,1,0,SUCCESS,pdf/2026/2026-10-04_国产素人自拍強片30部合集B_gcbt.pdf
2026-10-04 20:03:41,gcbt,【你一个人操不爽！再叫一个】巨乳嫩妹喜欢刺激，从游泳池操到房间，连续内射三次~真贱啊谁能拒绝这样的身材呢几分钟，白浆都操出来了，爱了！,https://gcbt.net/download/776026.html,4,3,SUCCESS,pdf/2026/2026-10-04_【你一个人操不爽！再叫一个】巨乳嫩妹喜欢刺激，从游泳池操到房间，连续内射三次~真贱啊谁能拒绝这样的身材呢几分钟，白浆都操出来了，爱了！_gcbt.pdf
2026-10-04 20:04:39,gcbt,喵呜小表妹迷玩，颜值嫩妹完美身材，脸靓穴嫩，户型真心完美，完全不输Nana，taipei，,https://gcbt.net/download/775948.html,1,0,SUCCESS,pdf/2026/2026-10-04_喵呜小表妹迷玩，颜值嫩妹完美身材，脸靓穴嫩，户型真心完美，完全不输Nana，taipei，_gcbt.pdf
2026-10-04 20:04:42,gcbt,一绳所爱 捆绑 绳艺 捆绑 绳艺 调教26-03,https://gcbt.net/download/775951.html,1,0,SUCCESS,pdf/2026/2026-10-04_一绳所爱 捆绑 绳艺 捆绑 绳艺 调教26-03_gcbt.pdf
2026-10-04 20:04:55,gcbt,2026年8月最新，19岁学生妹专场，yang818，全部露脸，颜值都不错，有两个极品，无套内射粉逼,https://gcbt.net/download/775950.html,1,0,SUCCESS,pdf/2026/2026-10-04_2026年8月最新，19岁学生妹专场，yang818，全部露脸，颜值都不错，有两个极品，无套内射粉逼_gcbt.pdf
2026-10-04 20:05:05,gcbt,边月_月云边极品香艳，全程露脸一个人玩的好嗨，丝袜高跟炮击蹂躏骚穴，浪叫不止表情好骚，道具抽插自己抠的高潮喷水003,https://gcbt.net/download/775943.html,1,0,SUCCESS,pdf/2026/2026-10-04_边月_月云边极品香艳，全程露脸一个人玩的好嗨，丝袜高跟炮击蹂躏骚穴，浪叫不止表情好骚，道具抽插自己抠的高潮喷水003_gcbt.pdf
2026-10-04 20:05:09,gcbt,小冷顶级反差超颜值女神，性感御姐颜值党福利表情够骚，002,https://gcbt.net/download/775946.html,2,1,SUCCESS,pdf/2026/2026-10-04_小冷顶级反差超颜值女神，性感御姐颜值党福利表情够骚，002_gcbt.pdf
2026-10-04 20:05:10,gcbt,奶兔兔超颜女神太美了，裸舞诱惑各种情趣骚话,https://gcbt.net/download/775952.html,2,1,SUCCESS,pdf/2026/2026-10-04_奶兔兔超颜女神太美了，裸舞诱惑各种情趣骚话_gcbt.pdf
2026-10-04 20:05:15,gcbt,思思想_绿风骚少妇眼睛很销魂骚的一批大奶粉穴003,https://gcbt.net/download/775947.html,2,1,SUCCESS,pdf/2026/2026-10-04_思思想_绿风骚少妇眼睛很销魂骚的一批大奶粉穴003_gcbt.pdf
2026-10-04 20:05:20,gcbt,05年空姐大屁股骚奶子黑丝诱惑，玩逼，奶子乱晃叫的骚,https://gcbt.net/download/775944.html,1,0,SUCCESS,pdf/2026/2026-10-04_05年空姐大屁股骚奶子黑丝诱惑，玩逼，奶子乱晃叫的骚_gcbt.pdf
2026-10-04 20:05:24,gcbt,好想要哥哥酱网红脸轻熟女特写逼逼，跳蛋塞逼激发荷而蒙,https://gcbt.net/download/775942.html,1,0,SUCCESS,pdf/2026/2026-10-04_好想要哥哥酱网红脸轻熟女特写逼逼，跳蛋塞逼激发荷而蒙_gcbt.pdf
2026-10-04 20:05:27,gcbt,性感乔妹一个人的精彩诱惑，无毛白虎逼颜值高身材好，跳蛋塞菊花里自己抠逼逼，呻吟可射特写展示精彩又刺激,https://gcbt.net/download/775945.html,2,1,SUCCESS,pdf/2026/2026-10-04_性感乔妹一个人的精彩诱惑，无毛白虎逼颜值高身材好，跳蛋塞菊花里自己抠逼逼，呻吟可射特写展示精彩又刺激_gcbt.pdf
2026-10-04 20:05:45,gcbt,美束映画 定拍自讨苦吃 下,https://gcbt.net/download/775941.html,1,0,SUCCESS,pdf/2026/2026-10-04_美束映画 定拍自讨苦吃 下_gcbt.pdf
2026-10-04 20:05:47,gcbt,小巴辣子_绿清纯甜美妹子跳蛋塞嫩穴抖动屁股004,https://gcbt.net/download/775939.html,1,0,SUCCESS,pdf/2026/2026-10-04_小巴辣子_绿清纯甜美妹子跳蛋塞嫩穴抖动屁股004_gcbt.pdf
2026-10-04 20:05:51,gcbt,花花反差性感学姐，校园女神，御姐女神自己玩的高潮夹逼，热舞掰逼揉奶，,https://gcbt.net/download/775949.html,3,2,SUCCESS,pdf/2026/2026-10-04_花花反差性感学姐，校园女神，御姐女神自己玩的高潮夹逼，热舞掰逼揉奶，_gcbt.pdf
2026-10-04 20:05:55,gcbt,心欣欣超级漂亮，清纯风，校园女神，一线天美丽鲍鱼001,https://gcbt.net/download/775938.html,1,0,SUCCESS,pdf/2026/2026-10-04_心欣欣超级漂亮，清纯风，校园女神，一线天美丽鲍鱼001_gcbt.pdf
2026-10-04 20:06:07,gcbt,柚子极品爆奶乳神首次真全裸顶好想操她们的B003,https://gcbt.net/download/775937.html,1,0,SUCCESS,pdf/2026/2026-10-04_柚子极品爆奶乳神首次真全裸顶好想操她们的B003_gcbt.pdf
2026-10-04 20:07:18,gcbt,十六夜全身白嫩新人小姐姐，独自在家寂寞，刚刮毛的骚穴，跳蛋震动，爽的呻吟009,https://gcbt.net/download/775940.html,5,4,SUCCESS,pdf/2026/2026-10-04_十六夜全身白嫩新人小姐姐，独自在家寂寞，刚刮毛的骚穴，跳蛋震动，爽的呻吟009_gcbt.pdf
2026-10-04 20:08:05,gcbt,健身房勾搭丰乳肥臀少妇两天拿下去她家穿红丝袜情趣内衣翘臀等我后入！,https://gcbt.net/download/775906.html,1,0,SUCCESS,pdf/2026/2026-10-04_健身房勾搭丰乳肥臀少妇两天拿下去她家穿红丝袜情趣内衣翘臀等我后入！_gcbt.pdf
2026-10-04 20:08:25,gcbt,【被操爽了吗？说了3P能让你爽上天】NTR群P现场绿帽老公性无能为寻求刺激让兄弟一起3P，一边被老公插一边含着好兄弟命根子不肯松口,https://gcbt.net/download/775933.html,1,0,SUCCESS,pdf/2026/2026-10-04_【被操爽了吗？说了3P能让你爽上天】NTR群P现场绿帽老公性无能为寻求刺激让兄弟一起3P，一边被老公插一边含着好兄弟命根子不肯松口_gcbt.pdf
2026-10-04 20:08:45,gcbt,NTR吃瓜网黄【李林恩】极品M顺从骚母狗 粉嫩鲍鱼超敏感高潮24V(无水印原档),https://gcbt.net/download/775903.html,1,0,SUCCESS,pdf/2026/2026-10-04_NTR吃瓜网黄【李林恩】极品M顺从骚母狗 粉嫩鲍鱼超敏感高潮24V(无水印原档)_gcbt.pdf
2026-10-04 20:08:59,gcbt,【AI明星换脸】刘亦菲-淫荡饥渴人妻 臣服于黑人大屌之下无码版,https://gcbt.net/download/775917.html,1,0,SUCCESS,pdf/2026/2026-10-04_【AI明星换脸】刘亦菲-淫荡饥渴人妻 臣服于黑人大屌之下无码版_gcbt.pdf
2026-10-04 20:09:01,gcbt,最新抖音泄密，天然木瓜巨乳【白豆腐】万粉童颜巨乳露脸露点有声一对一福利,https://gcbt.net/download/775902.html,1,0,SUCCESS,pdf/2026/2026-10-04_最新抖音泄密，天然木瓜巨乳【白豆腐】万粉童颜巨乳露脸露点有声一对一福利_gcbt.pdf
2026-10-04 20:09:14,gcbt,✨推特KK05情侣调教淫欲反差女友日常「qgvoul」露脸私拍！丝袜制服手足口淫乱榨精，露出调教深喉，紧张又刺激58V,https://gcbt.net/download/775916.html,1,0,SUCCESS,pdf/2026/2026-10-04_✨推特KK05情侣调教淫欲反差女友日常「qgvoul」露脸私拍！丝袜制服手足口淫乱榨精，露出调教深喉，紧张又刺激58V_gcbt.pdf
2026-10-04 20:09:15,gcbt,✨推特新晋海王淫妻约炮博主「ICICIS」海底捞露脸女大真的太骚了，厕所就忍不住来了一发，带回去接着挨操，真的被肏爽了,https://gcbt.net/download/775915.html,1,0,SUCCESS,pdf/2026/2026-10-04_✨推特新晋海王淫妻约炮博主「ICICIS」海底捞露脸女大真的太骚了，厕所就忍不住来了一发，带回去接着挨操，真的被肏爽了_gcbt.pdf
2026-10-04 20:09:25,gcbt,流出酒店偷拍白皙嫩屁股翘臀颜值美女被男友压着打炮,https://gcbt.net/download/775904.html,3,2,SUCCESS,pdf/2026/2026-10-04_流出酒店偷拍白皙嫩屁股翘臀颜值美女被男友压着打炮_gcbt.pdf
2026-10-04 20:09:29,gcbt,❤️❤️太原骚逼大长腿人妻，事实证明，人妻操爽了是真的会叫老公，顶到她子宫深处爽爆,https://gcbt.net/download/775922.html,3,2,SUCCESS,pdf/2026/2026-10-04_❤❤太原骚逼大长腿人妻，事实证明，人妻操爽了是真的会叫老公，顶到她子宫深处爽爆_gcbt.pdf
2026-10-04 20:09:30,gcbt,太原骚逼大长腿人妻，事实证明，人妻操爽了是真的会叫老公，顶到她子宫深处爽爆,https://gcbt.net/download/775913.html,1,0,SUCCESS,pdf/2026/2026-10-04_太原骚逼大长腿人妻，事实证明，人妻操爽了是真的会叫老公，顶到她子宫深处爽爆_gcbt.pdf
2026-10-04 20:09:36,gcbt,【AI明星换脸】刘亦菲 金晨-孤注一掷,https://gcbt.net/download/775914.html,1,0,SUCCESS,pdf/2026/2026-10-04_【AI明星换脸】刘亦菲 金晨-孤注一掷_gcbt.pdf
2026-10-04 20:10:21,gcbt,✨推特新晋海王淫妻约炮博主「ICICIS」《海底捞露脸女大》真的太骚了，厕所就忍不住来了一发，带回去接着挨操，真的被肏爽了,https://gcbt.net/download/775920.html,5,4,SUCCESS,pdf/2026/2026-10-04_✨推特新晋海王淫妻约炮博主「ICICIS」《海底捞露脸女大》真的太骚了，厕所就忍不住来了一发，带回去接着挨操，真的被肏爽了_gcbt.pdf
2026-10-04 20:10:21,gcbt,【AI明星换脸】AI-❤️杨颖❤️小妈代理生产❤️完美换脸，极品中的极品，值得收藏！,https://gcbt.net/download/775928.html,5,4,SUCCESS,pdf/2026/2026-10-04_【AI明星换脸】AI-❤杨颖❤小妈代理生产❤完美换脸，极品中的极品，值得收藏！_gcbt.pdf
2026-10-04 20:10:22,gcbt,⚫️学生嫩妹收割机【江南第一深情】最新作品，双马尾Jk白袜，宅男女神白月光,https://gcbt.net/download/775918.html,5,4,SUCCESS,pdf/2026/2026-10-04_⚫学生嫩妹收割机【江南第一深情】最新作品，双马尾Jk白袜，宅男女神白月光_gcbt.pdf
2026-10-04 20:10:55,gcbt,⭐【原档泄密】广州超大奶骚货挑战大jb失败 被搞的喷了几次水还要干 各种翻白眼 太骚了（6v),https://gcbt.net/download/775907.html,1,0,SUCCESS,pdf/2026/2026-10-04_⭐【原档泄密】广州超大奶骚货挑战大jb失败 被搞的喷了几次水还要干 各种翻白眼 太骚了（6v)_gcbt.pdf
2026-10-04 20:10:57,gcbt,【自购】✨重磅推出✨台湾博主黑杰克（Blackxxxx21）痴女御姐-爱大鸡鸡塞满狠干(脸部无码完整版),https://gcbt.net/download/775911.html,1,0,SUCCESS,pdf/2026/2026-10-04_【自购】✨重磅推出✨台湾博主黑杰克（Blackxxxx21）痴女御姐-爱大鸡鸡塞满狠干(脸部无码完整版)_gcbt.pdf
2026-10-04 20:11:00,gcbt,秀人网【清纯初恋型嫩模】糖豆sisi，大尺度拍摄写真花絮！眼前一亮的小美女，身材苗条匀称，露奶 不小心露出白虎粉嫩逼,https://gcbt.net/download/775900.html,1,0,SUCCESS,pdf/2026/2026-10-04_秀人网【清纯初恋型嫩模】糖豆sisi，大尺度拍摄写真花絮！眼前一亮的小美女，身材苗条匀称，露奶 不小心露出白虎粉嫩逼_gcbt.pdf
2026-10-04 20:11:00,gcbt,【重磅流出】颜瑜摄影师拍摄花絮和李二狗约会，网红模特颜瑜，还有金主爸爸露脸。摄影师的咸猪手又摸爽了,https://gcbt.net/download/775898.html,1,0,SUCCESS,pdf/2026/2026-10-04_【重磅流出】颜瑜摄影师拍摄花絮和李二狗约会，网红模特颜瑜，还有金主爸爸露脸。摄影师的咸猪手又摸爽了_gcbt.pdf
2026-10-04 20:11:07,gcbt,【原档无水印】网红脸小骚货 换着情趣内衣先吸鸡巴再骑上来晃奶子 最后趴着被后入(28V),https://gcbt.net/download/775912.html,1,0,SUCCESS,pdf/2026/2026-10-04_【原档无水印】网红脸小骚货 换着情趣内衣先吸鸡巴再骑上来晃奶子 最后趴着被后入(28V)_gcbt.pdf
2026-10-04 20:11:12,gcbt,【原档泄密】黄石极品吊钟巨乳色货人妻 奶子软软的完美的炮架子各种姿势爆操调教各种情趣旋转切换（29v),https://gcbt.net/download/775908.html,2,1,SUCCESS,pdf/2026/2026-10-04_【原档泄密】黄石极品吊钟巨乳色货人妻 奶子软软的完美的炮架子各种姿势爆操调教各种情趣旋转切换（29v)_gcbt.pdf
2026-10-04 20:11:18,gcbt,【原档泄密】桂林很骚的高颜值小姐姐被男友调教跪着吃鸡 床上深喉到底 穿着网袜被各种乱干（8v),https://gcbt.net/download/775909.html,1,0,SUCCESS,pdf/2026/2026-10-04_【原档泄密】桂林很骚的高颜值小姐姐被男友调教跪着吃鸡 床上深喉到底 穿着网袜被各种乱干（8v)_gcbt.pdf
2026-10-04 20:11:20,gcbt,普朗克探花 - 机车话唠妹中途异地男友来电 一边通话一边操,https://gcbt.net/download/775886.html,1,0,SUCCESS,pdf/2026/2026-10-04_普朗克探花 - 机车话唠妹中途异地男友来电 一边通话一边操_gcbt.pdf
2026-10-04 20:11:22,gcbt,2-21乐橙酒店近视角高清偷拍下晚自习热恋情侣抓紧时间钟点房速操嫩逼泄欲,https://gcbt.net/download/775885.html,1,0,SUCCESS,pdf/2026/2026-10-04_2-21乐橙酒店近视角高清偷拍下晚自习热恋情侣抓紧时间钟点房速操嫩逼泄欲_gcbt.pdf
2026-10-04 20:11:23,gcbt,熟女终结者大奶长发气质熟女 职业是退休教师！,https://gcbt.net/download/775897.html,1,0,SUCCESS,pdf/2026/2026-10-04_熟女终结者大奶长发气质熟女 职业是退休教师！_gcbt.pdf
2026-10-04 20:11:38,gcbt,沈先生探花精品作之牛仔短裤甜妹 可爱邻家好说话还有情趣渔网袜听译字幕4K增强版,https://gcbt.net/download/775884.html,1,0,SUCCESS,pdf/2026/2026-10-04_沈先生探花精品作之牛仔短裤甜妹 可爱邻家好说话还有情趣渔网袜听译字幕4K增强版_gcbt.pdf
2026-10-04 20:11:42,gcbt,小宝寻花精品作之高颜牛仔短裙 气质大白腿听译字幕4K增强版,https://gcbt.net/download/775882.html,1,0,SUCCESS,pdf/2026/2026-10-04_小宝寻花精品作之高颜牛仔短裙 气质大白腿听译字幕4K增强版_gcbt.pdf
2026-10-04 20:11:48,gcbt,文轩探花精品作之成都外围女神 打扮超带感文轩给她干腿软听译字幕4K增强版,https://gcbt.net/download/775883.html,1,0,SUCCESS,pdf/2026/2026-10-04_文轩探花精品作之成都外围女神 打扮超带感文轩给她干腿软听译字幕4K增强版_gcbt.pdf
2026-10-04 20:12:07,gcbt,"恋父女儿与痴汉老爸我要把宝贵的第一次给爸爸,爸爸很紧张要看片才能勃起",https://gcbt.net/download/775894.html,2,1,SUCCESS,"pdf/2026/2026-10-04_恋父女儿与痴汉老爸我要把宝贵的第一次给爸爸,爸爸很紧张要看片才能勃起_gcbt.pdf"
2026-10-04 20:12:43,gcbt,小公园路边公则全景愉拍多位少妇各种极品鲍鱼一一展示,https://gcbt.net/download/775899.html,5,4,SUCCESS,pdf/2026/2026-10-04_小公园路边公则全景愉拍多位少妇各种极品鲍鱼一一展示_gcbt.pdf
2026-10-04 20:12:46,gcbt,"极品美少妇博主【米菲兔 / 丝琪姐姐】新作,姐姐和弟弟在酒店愉情,姐姐穿着连体镂空黑丝,完美露脸口交",https://gcbt.net/download/775896.html,3,2,SUCCESS,"pdf/2026/2026-10-04_极品美少妇博主【米菲兔 _ 丝琪姐姐】新作,姐姐和弟弟在酒店愉情,姐姐穿着连体镂空黑丝,完美露脸口交_gcbt.pdf"
2026-10-04 20:13:16,gcbt,成都新晉素人少婦約操大神「成都名師」炮架緊身長裙把身材展現的淋漓盡致，胸飽滿,https://gcbt.net/download/775859.html,1,0,SUCCESS,pdf/2026/2026-10-04_成都新晉素人少婦約操大神「成都名師」炮架緊身長裙把身材展現的淋漓盡致，胸飽滿_gcbt.pdf
2026-10-04 20:13:22,gcbt,【精品】原创大神【yanbeifei999】约啪各类素人小姐姐极品,https://gcbt.net/download/775880.html,1,0,SUCCESS,pdf/2026/2026-10-04_【精品】原创大神【yanbeifei999】约啪各类素人小姐姐极品_gcbt.pdf
2026-10-04 20:13:24,gcbt,tutuya01 一男戰三女3P群交現場淫亂 吃偉哥輪番操幹騷逼無套內射 第二彈,https://gcbt.net/download/775853.html,2,1,SUCCESS,pdf/2026/2026-10-04_tutuya01 一男戰三女3P群交現場淫亂 吃偉哥輪番操幹騷逼無套內射 第二彈_gcbt.pdf
2026-10-04 20:13:34,gcbt,4-3流出乐橙酒店偷拍清纯可爱学妹cos情趣兔子女仆角色被小胖狂操,https://gcbt.net/download/775881.html,1,0,SUCCESS,pdf/2026/2026-10-04_4-3流出乐橙酒店偷拍清纯可爱学妹cos情趣兔子女仆角色被小胖狂操_gcbt.pdf
2026-10-04 20:13:40,gcbt,武漢良家約操大神「胸手」大一騷母狗，我說躺下，我來，不，我喜歡上面搖，感覺可以進入很深,https://gcbt.net/download/775851.html,1,0,SUCCESS,pdf/2026/2026-10-04_武漢良家約操大神「胸手」大一騷母狗，我說躺下，我來，不，我喜歡上面搖，感覺可以進入很深_gcbt.pdf
2026-10-04 20:13:43,gcbt,【AI真人短剧】等一个人回来两季全,https://gcbt.net/download/775871.html,1,0,SUCCESS,pdf/2026/2026-10-04_【AI真人短剧】等一个人回来两季全_gcbt.pdf
2026-10-04 20:13:48,gcbt,抖音福利！性愛露出女王【葉嬌嬌】最新9.27號作品，情趣空姐互搞啪啪,https://gcbt.net/download/775864.html,2,1,SUCCESS,pdf/2026/2026-10-04_抖音福利！性愛露出女王【葉嬌嬌】最新9.27號作品，情趣空姐互搞啪啪_gcbt.pdf
2026-10-04 20:13:48,gcbt,【AI真人短剧】黑帮大佬的强制爱1-10集，禁忌将她紧紧缠绕窒息的诱惑,https://gcbt.net/download/775870.html,1,0,SUCCESS,pdf/2026/2026-10-04_【AI真人短剧】黑帮大佬的强制爱1-10集，禁忌将她紧紧缠绕窒息的诱惑_gcbt.pdf
2026-10-04 20:13:57,gcbt,9-19酒店偷拍 野鸳鸯换了玩法 OL职场装 振动棒 玩法多实力不行 算差生文具多,https://gcbt.net/download/775879.html,2,1,SUCCESS,pdf/2026/2026-10-04_9-19酒店偷拍 野鸳鸯换了玩法 OL职场装 振动棒 玩法多实力不行 算差生文具多_gcbt.pdf
2026-10-04 20:13:58,gcbt,【AI真人短剧】反派逆袭：收服全门派女徒1-9集,https://gcbt.net/download/775869.html,1,0,SUCCESS,pdf/2026/2026-10-04_【AI真人短剧】反派逆袭：收服全门派女徒1-9集_gcbt.pdf
2026-10-04 20:13:58,gcbt,【AI真人短剧】闪婚大佬掉马后1-10集,https://gcbt.net/download/775868.html,1,0,SUCCESS,pdf/2026/2026-10-04_【AI真人短剧】闪婚大佬掉马后1-10集_gcbt.pdf
2026-10-04 20:14:03,gcbt,11-6流出乐橙酒店偷拍胖哥用肉棒狠狠教训平时盛气凌人的高校眼镜婊,https://gcbt.net/download/775865.html,1,0,SUCCESS,pdf/2026/2026-10-04_11-6流出乐橙酒店偷拍胖哥用肉棒狠狠教训平时盛气凌人的高校眼镜婊_gcbt.pdf
2026-10-04 20:14:06,gcbt,【AI真人短剧】淫魔重生之情欲江山 1-9集全,https://gcbt.net/download/775867.html,1,0,SUCCESS,pdf/2026/2026-10-04_【AI真人短剧】淫魔重生之情欲江山 1-9集全_gcbt.pdf
2026-10-04 20:14:16,gcbt,大奶美女ReinaOhara 身材豐滿性感瑜伽老師在課後和帥氣小哥探討性福生活 被巨屌撐開私處各種無套爆操 口爆顏射吃精,https://gcbt.net/download/775863.html,2,1,SUCCESS,pdf/2026/2026-10-04_大奶美女ReinaOhara 身材豐滿性感瑜伽老師在課後和帥氣小哥探討性福生活 被巨屌撐開私處各種無套爆操 口爆顏射吃精_gcbt.pdf
2026-10-04 20:14:18,gcbt,【抖音网红闪现】闪现 露点 露穴 内衣 内裤 各种精彩瞬间33,https://gcbt.net/download/775866.html,1,0,SUCCESS,pdf/2026/2026-10-04_【抖音网红闪现】闪现 露点 露穴 内衣 内裤 各种精彩瞬间33_gcbt.pdf
2026-10-04 20:14:42,gcbt,StripChat】露臉騷逼禦姐「Sorry-456 」9月25日淩晨車震戶外小樹林場景，雙段互動與噴水內容,https://gcbt.net/download/775855.html,3,2,SUCCESS,pdf/2026/2026-10-04_StripChat】露臉騷逼禦姐「Sorry-456 」9月25日淩晨車震戶外小樹林場景，雙段互動與噴水內容_gcbt.pdf
2026-10-04 20:15:37,gcbt,清纯同学聚会跟别的男的暧昧，拉回家就是狂操_,https://gcbt.net/download/775844.html,1,0,SUCCESS,pdf/2026/2026-10-04_清纯同学聚会跟别的男的暧昧，拉回家就是狂操__gcbt.pdf
2026-10-04 20:16:01,gcbt,【AI短剧】《禁忌的召唤》EP0-7集合集，端庄温柔的女老师的禁忌欲望,https://gcbt.net/download/775813.html,2,1,SUCCESS,pdf/2026/2026-10-04_【AI短剧】《禁忌的召唤》EP0-7集合集，端庄温柔的女老师的禁忌欲望_gcbt.pdf
2026-10-04 20:16:05,gcbt,清纯半脱半推，年纪小确实很紧，01年_,https://gcbt.net/download/775828.html,2,1,SUCCESS,pdf/2026/2026-10-04_清纯半脱半推，年纪小确实很紧，01年__gcbt.pdf
2026-10-04 20:16:15,gcbt,清纯全程两小时，下面都肿了，真耐操_,https://gcbt.net/download/775847.html,2,1,SUCCESS,pdf/2026/2026-10-04_清纯全程两小时，下面都肿了，真耐操__gcbt.pdf
2026-10-04 20:16:17,gcbt,清纯崇拜的眼神就是很欠操的渴望_,https://gcbt.net/download/775831.html,3,2,SUCCESS,pdf/2026/2026-10-04_清纯崇拜的眼神就是很欠操的渴望__gcbt.pdf
2026-10-04 20:16:17,gcbt,那些年超过的咯咯哒最新2026第二期精选长沙B奶18岁160美女嫩妹乌萨奇身材嘎嘎板正,https://gcbt.net/download/775845.html,3,2,SUCCESS,pdf/2026/2026-10-04_那些年超过的咯咯哒最新2026第二期精选长沙B奶18岁160美女嫩妹乌萨奇身材嘎嘎板正_gcbt.pdf
2026-10-04 20:16:29,gcbt,原創 武漢良家約操大神「胸手」大一騷母狗，我說躺下，我來，不，我喜歡上面搖，感覺可以進入很深,https://gcbt.net/download/775843.html,1,0,SUCCESS,pdf/2026/2026-10-04_原創 武漢良家約操大神「胸手」大一騷母狗，我說躺下，我來，不，我喜歡上面搖，感覺可以進入很深_gcbt.pdf
2026-10-04 20:16:32,gcbt,原創 StripChat】露臉騷逼禦姐「Sorry-456 」9月25日淩晨車震戶外小樹林場景，雙段互動與噴水內容,https://gcbt.net/download/775841.html,1,0,SUCCESS,pdf/2026/2026-10-04_原創 StripChat】露臉騷逼禦姐「Sorry-456 」9月25日淩晨車震戶外小樹林場景，雙段互動與噴水內容_gcbt.pdf
2026-10-04 20:16:38,gcbt,原創 tutuya01 一男戰三女3P群交現場淫亂 吃偉哥輪番操幹騷逼無套內射 第二彈,https://gcbt.net/download/775842.html,1,0,SUCCESS,pdf/2026/2026-10-04_原創 tutuya01 一男戰三女3P群交現場淫亂 吃偉哥輪番操幹騷逼無套內射 第二彈_gcbt.pdf
2026-10-04 20:16:43,gcbt,专攻良家奔驰哥约极品美娇妻性格温柔小家碧玉，特别喜欢口,https://gcbt.net/download/775840.html,1,0,SUCCESS,pdf/2026/2026-10-04_专攻良家奔驰哥约极品美娇妻性格温柔小家碧玉，特别喜欢口_gcbt.pdf
2026-10-04 20:16:48,gcbt,原創 成都新晉素人少婦約操大神「成都名師」炮架緊身長裙把身材展現的淋漓盡致，胸飽滿,https://gcbt.net/download/775839.html,1,0,SUCCESS,pdf/2026/2026-10-04_原創 成都新晉素人少婦約操大神「成都名師」炮架緊身長裙把身材展現的淋漓盡致，胸飽滿_gcbt.pdf
2026-10-04 20:16:56,gcbt,顶级富人圈泄密，上海顶级会所名媛盛宴，富哥们会所嗨完直接带回酒店啪啪，近距离拍摄，叫声震天。~1,https://gcbt.net/download/775838.html,1,0,SUCCESS,pdf/2026/2026-10-04_顶级富人圈泄密，上海顶级会所名媛盛宴，富哥们会所嗨完直接带回酒店啪啪，近距离拍摄，叫声震天。~1_gcbt.pdf
2026-10-04 20:16:59,gcbt,专攻良家勾搭小家碧玉美少妇先接吻缠绵舔逼，操一半不让搞了,https://gcbt.net/download/775836.html,1,0,SUCCESS,pdf/2026/2026-10-04_专攻良家勾搭小家碧玉美少妇先接吻缠绵舔逼，操一半不让搞了_gcbt.pdf
2026-10-04 20:17:00,gcbt,山上野战太刺激，婶婶井喷式爆白浆，爽爆了海角社区~1,https://gcbt.net/download/775837.html,1,0,SUCCESS,pdf/2026/2026-10-04_山上野战太刺激，婶婶井喷式爆白浆，爽爆了海角社区~1_gcbt.pdf
2026-10-04 20:17:11,gcbt,roubay情侣7.30号 浙江音乐系女大与金主爸爸的一天 颜值在线 反差拉满,https://gcbt.net/download/775846.html,4,3,SUCCESS,pdf/2026/2026-10-04_roubay情侣7.30号 浙江音乐系女大与金主爸爸的一天 颜值在线 反差拉满_gcbt.pdf
2026-10-04 20:17:29,gcbt,河南郑州旅游管理学院真实学生泄密 妹子遇人不淑，碰上个渣男,https://gcbt.net/download/775823.html,4,3,SUCCESS,pdf/2026/2026-10-04_河南郑州旅游管理学院真实学生泄密 妹子遇人不淑，碰上个渣男_gcbt.pdf
2026-10-04 20:18:16,gcbt,居家摄像头破解一对毫无廉耻的夫妻竟然当着孩子的面玩69啪啪啪,https://gcbt.net/download/775794.html,1,0,SUCCESS,pdf/2026/2026-10-04_居家摄像头破解一对毫无廉耻的夫妻竟然当着孩子的面玩69啪啪啪_gcbt.pdf
2026-10-04 20:18:33,gcbt,鱼宝baby素人人妻 骚母狗 自摸被单狂插内射,https://gcbt.net/download/775800.html,1,0,SUCCESS,pdf/2026/2026-10-04_鱼宝baby素人人妻 骚母狗 自摸被单狂插内射_gcbt.pdf
2026-10-04 20:18:38,gcbt,网红福利UP主小野整活部强上正在熟睡的国产av女优这种有点微胖的女神,https://gcbt.net/download/775798.html,1,0,SUCCESS,pdf/2026/2026-10-04_网红福利UP主小野整活部强上正在熟睡的国产av女优这种有点微胖的女神_gcbt.pdf
2026-10-04 20:18:39,gcbt,清纯崇拜的眼神就是很欠操的渴望_,https://gcbt.net/download/775796.html,1,0,SUCCESS,pdf/2026/2026-10-04_清纯崇拜的眼神就是很欠操的渴望__gcbt.pdf
2026-10-04 20:18:45,gcbt,【重磅资源】青岛超极品绿帽淫妻【爱色色妻】爱群P侍奉男单,https://gcbt.net/download/775790.html,1,0,SUCCESS,pdf/2026/2026-10-04_【重磅资源】青岛超极品绿帽淫妻【爱色色妻】爱群P侍奉男单_gcbt.pdf
2026-10-04 20:18:47,gcbt,苏州夫妻王小M，蒙上眼睛，一切都是未知的世界。路过了无数的人和车，最后还有人停下来想拍照,https://gcbt.net/download/775791.html,2,1,SUCCESS,pdf/2026/2026-10-04_苏州夫妻王小M，蒙上眼睛，一切都是未知的世界。路过了无数的人和车，最后还有人停下来想拍照_gcbt.pdf
2026-10-04 20:18:51,gcbt,清纯半脱半推，年纪小确实很紧，01年_,https://gcbt.net/download/775797.html,1,0,SUCCESS,pdf/2026/2026-10-04_清纯半脱半推，年纪小确实很紧，01年__gcbt.pdf
2026-10-04 20:19:04,gcbt,长腿女儿丽丽 淫水奶油拌脚趾，女儿淫叫着我是修女不能操我，会被操坏的。,https://gcbt.net/download/775795.html,2,1,SUCCESS,pdf/2026/2026-10-04_长腿女儿丽丽 淫水奶油拌脚趾，女儿淫叫着我是修女不能操我，会被操坏的。_gcbt.pdf
2026-10-04 20:19:10,gcbt,门事件佳木斯绿帽门！新娘婚前最后一次跟前男友放纵无套内射被录下视频发给新郎,https://gcbt.net/download/775770.html,1,0,SUCCESS,pdf/2026/2026-10-04_门事件佳木斯绿帽门！新娘婚前最后一次跟前男友放纵无套内射被录下视频发给新郎_gcbt.pdf
2026-10-04 20:19:12,gcbt,小伙暗藏摄像头偷拍和漂亮女友啪啪全过程~1,https://gcbt.net/download/775799.html,2,1,SUCCESS,pdf/2026/2026-10-04_小伙暗藏摄像头偷拍和漂亮女友啪啪全过程~1_gcbt.pdf
2026-10-04 20:19:14,gcbt,两个小伙群P三个熟女少妇 女女互舔互摸前后夹击双洞齐开场面淫乱,https://gcbt.net/download/775771.html,1,0,SUCCESS,pdf/2026/2026-10-04_两个小伙群P三个熟女少妇 女女互舔互摸前后夹击双洞齐开场面淫乱_gcbt.pdf
2026-10-04 20:19:16,gcbt,国产台湾省av大胸熟女琪琪画面唯美 骚味十足女人味浓厚表情又骚又贱,https://gcbt.net/download/775769.html,1,0,SUCCESS,pdf/2026/2026-10-04_国产台湾省av大胸熟女琪琪画面唯美 骚味十足女人味浓厚表情又骚又贱_gcbt.pdf
2026-10-04 20:19:18,gcbt,百度云泄密有钱人的淫乱聚会被有心人曝光~1,https://gcbt.net/download/775768.html,1,0,SUCCESS,pdf/2026/2026-10-04_百度云泄密有钱人的淫乱聚会被有心人曝光~1_gcbt.pdf
2026-10-04 20:19:24,gcbt,双飞两个熟女阿姨老A8身材保养得很好韵味十足被老哥拿下无套输出,https://gcbt.net/download/775772.html,1,0,SUCCESS,pdf/2026/2026-10-04_双飞两个熟女阿姨老A8身材保养得很好韵味十足被老哥拿下无套输出_gcbt.pdf
2026-10-04 20:19:40,gcbt,最新流出，大男主秀人模特肏个遍，江淑影白浅浅的金主爸爸，玩操超顶模特兰滢滢紫色诱惑,https://gcbt.net/download/775767.html,1,0,SUCCESS,pdf/2026/2026-10-04_最新流出，大男主秀人模特肏个遍，江淑影白浅浅的金主爸爸，玩操超顶模特兰滢滢紫色诱惑_gcbt.pdf
2026-10-04 20:20:11,gcbt,【网络泄密】微胖肥臀骚货 紫色情趣服 双马尾啪啪,https://gcbt.net/download/775789.html,3,2,SUCCESS,pdf/2026/2026-10-04_【网络泄密】微胖肥臀骚货 紫色情趣服 双马尾啪啪_gcbt.pdf
2026-10-04 20:22:26,gcbt,《精品绝版大师级作品》走情色唯美路线的微博、推特摄影大咖【叫波哥就对了】女体艺术私拍~全是露脸反差婊露出不只拍还要干,https://gcbt.net/download/775703.html,1,0,SUCCESS,pdf/2026/2026-10-03_《精品绝版大师级作品》走情色唯美路线的微博、推特摄影大咖【叫波哥就对了】女体艺术私拍~全是露脸反差婊露出不只拍还要干_gcbt.pdf
2026-10-04 20:22:27,gcbt,大神酒店下药迷倒戴大金链高跟美女酒店开房用药水捂脸放心的操她,https://gcbt.net/download/775702.html,1,0,SUCCESS,pdf/2026/2026-10-03_大神酒店下药迷倒戴大金链高跟美女酒店开房用药水捂脸放心的操她_gcbt.pdf
2026-10-04 20:22:31,gcbt,【原相机泄密】杭州萧山区极品八字大奶美女，想不到是阿黑颜母狗，被土豪各种调教玩弄，完全露脸性爱，原档无水印(19V),https://gcbt.net/download/775696.html,1,0,SUCCESS,pdf/2026/2026-10-03_【原相机泄密】杭州萧山区极品八字大奶美女，想不到是阿黑颜母狗，被土豪各种调教玩弄，完全露脸性爱，原档无水印(19V)_gcbt.pdf
2026-10-04 20:22:46,gcbt,米胡桃清純裝白日宣淫撅臀靜候金主爸爸肉棒餵穴／巨乳華裔水水穿性感黑絲勾引男友狂肏潮噴等 720p,https://gcbt.net/download/775683.html,1,0,SUCCESS,pdf/2026/2026-10-03_米胡桃清純裝白日宣淫撅臀靜候金主爸爸肉棒餵穴／巨乳華裔水水穿性感黑絲勾引男友狂肏潮噴等 720p_gcbt.pdf
2026-10-04 20:22:52,gcbt,秀人网爆乳嫩模陈小花【童颜巨乳】婴儿肥的天花板，甜美可爱，白虎天然巨乳！内部内购大尺度作品三部 流出版,https://gcbt.net/download/775701.html,2,1,SUCCESS,pdf/2026/2026-10-03_秀人网爆乳嫩模陈小花【童颜巨乳】婴儿肥的天花板，甜美可爱，白虎天然巨乳！内部内购大尺度作品三部 流出版_gcbt.pdf
2026-10-04 20:22:58,gcbt,微博128万粉，抖音巨乳女神【芷仪g宝】大诗瑶最新啪啪露脸抠逼喷水沙滩抠逼(11V),https://gcbt.net/download/775700.html,2,1,SUCCESS,pdf/2026/2026-10-03_微博128万粉，抖音巨乳女神【芷仪g宝】大诗瑶最新啪啪露脸抠逼喷水沙滩抠逼(11V)_gcbt.pdf
2026-10-04 20:23:05,gcbt,巨乳華裔水水戶外放尿路邊野戰回酒店激戰失禁潮噴／苗條少婦為夫獻身穿蕾絲情趣與其老闆臥室打炮等 720p,https://gcbt.net/download/775682.html,1,0,SUCCESS,pdf/2026/2026-10-03_巨乳華裔水水戶外放尿路邊野戰回酒店激戰失禁潮噴／苗條少婦為夫獻身穿蕾絲情趣與其老闆臥室打炮等 720p_gcbt.pdf
2026-10-04 20:23:08,gcbt,中央民族大学研究生 中国东方集团话剧演员 爆乳人后非常风骚的小母狗 沦为金主的胯下玩物,https://gcbt.net/download/775704.html,2,1,SUCCESS,pdf/2026/2026-10-03_中央民族大学研究生 中国东方集团话剧演员 爆乳人后非常风骚的小母狗 沦为金主的胯下玩物_gcbt.pdf
2026-10-04 20:23:13,gcbt,医生琪琪 #AVJiali 街头搭讪即约炮，台湾兽医姐姐变身淫乱女优，主动求插到潮吹狂喷口爆吞精,https://gcbt.net/download/775694.html,1,0,SUCCESS,pdf/2026/2026-10-03_医生琪琪 #AVJiali 街头搭讪即约炮，台湾兽医姐姐变身淫乱女优，主动求插到潮吹狂喷口爆吞精_gcbt.pdf
2026-10-04 20:23:16,gcbt,最新流出酒店愉拍精品眼镜反差婊换上性感薄纱配合各种姿势一边拍照一边挨屌,https://gcbt.net/download/775698.html,2,1,SUCCESS,pdf/2026/2026-10-03_最新流出酒店愉拍精品眼镜反差婊换上性感薄纱配合各种姿势一边拍照一边挨屌_gcbt.pdf
2026-10-04 20:23:23,gcbt,青春美眉Johntron 身材苗条开房约操大洋吊 各种输出操的小穴白浆呻吟 内射,https://gcbt.net/download/775697.html,3,2,SUCCESS,pdf/2026/2026-10-03_青春美眉Johntron 身材苗条开房约操大洋吊 各种输出操的小穴白浆呻吟 内射_gcbt.pdf
2026-10-04 20:23:29,gcbt,古河君 9.28號小M可愛小妹妹怎麽可以這麽騷啊 粉色系可愛Lolita雙馬尾蘿莉主動用小穴溫暖爸爸的大雞巴,https://gcbt.net/download/775681.html,2,1,SUCCESS,pdf/2026/2026-10-03_古河君 9.28號小M可愛小妹妹怎麽可以這麽騷啊 粉色系可愛Lolita雙馬尾蘿莉主動用小穴溫暖爸爸的大雞巴_gcbt.pdf
2026-10-04 20:25:19,gcbt,新品福利，高种姓模特【Ms.Sethi】③巨乳超级大肥臀媚黑婊，也只有黑驴屌才能满足她(11V),https://gcbt.net/download/776049.html,1,0,SUCCESS,pdf/2026/2026-10-04_新品福利，高种姓模特【Ms.Sethi】③巨乳超级大肥臀媚黑婊，也只有黑驴屌才能满足她(11V)_gcbt.pdf
2026-10-04 20:25:21,gcbt,【季妍希】 爱豆传媒 放荡欲女激情潮喷勾引酒保满足性欲,https://gcbt.net/download/776050.html,3,2,SUCCESS,pdf/2026/2026-10-04_【季妍希】 爱豆传媒 放荡欲女激情潮喷勾引酒保满足性欲_gcbt.pdf
2026-10-04 20:25:22,gcbt,极品女美女泄密流出主动骑乘在男友身上摇曳，简直爽歪歪！,https://gcbt.net/download/776045.html,1,0,SUCCESS,pdf/2026/2026-10-04_极品女美女泄密流出主动骑乘在男友身上摇曳，简直爽歪歪！_gcbt.pdf
2026-10-04 20:25:32,gcbt,【精品乱伦】爱上漂亮妹妹 -排卵期的妹妹发情 用AV棒勾引我插她 无套暴插顺间乖巧被榨射了,https://gcbt.net/download/776052.html,1,0,SUCCESS,pdf/2026/2026-10-04_【精品乱伦】爱上漂亮妹妹 -排卵期的妹妹发情 用AV棒勾引我插她 无套暴插顺间乖巧被榨射了_gcbt.pdf
2026-10-04 20:25:33,gcbt,辽宁大连极品少妇人妻露脸啪啪性爱自拍，身材丰满性感骚叫连连爽死了,https://gcbt.net/download/776064.html,1,0,SUCCESS,pdf/2026/2026-10-04_辽宁大连极品少妇人妻露脸啪啪性爱自拍，身材丰满性感骚叫连连爽死了_gcbt.pdf
2026-10-04 20:25:46,gcbt,漂亮大奶美眉Miuzxc 身材苗条穿着开裆牛仔裤的性感宝贝吃鸡 被小哥操完小穴爆菊花大量潮喷淹没地板内射,https://gcbt.net/download/776047.html,3,2,SUCCESS,pdf/2026/2026-10-04_漂亮大奶美眉Miuzxc 身材苗条穿着开裆牛仔裤的性感宝贝吃鸡 被小哥操完小穴爆菊花大量潮喷淹没地板内射_gcbt.pdf
2026-10-04 20:25:48,gcbt,最正宗校花来了【少萝皇】究极粉嫩美鲍啪啪内射！撸破皮(5V),https://gcbt.net/download/776060.html,1,0,SUCCESS,pdf/2026/2026-10-04_最正宗校花来了【少萝皇】究极粉嫩美鲍啪啪内射！撸破皮(5V)_gcbt.pdf
2026-10-04 20:25:48,gcbt,安徽长相清纯妹子被男友猛操找单男3P 全程露脸真实娇喘(19V),https://gcbt.net/download/776062.html,1,0,SUCCESS,pdf/2026/2026-10-04_安徽长相清纯妹子被男友猛操找单男3P 全程露脸真实娇喘(19V)_gcbt.pdf
2026-10-04 20:25:48,gcbt,云盘高质露脸泄密！青岛温柔骚姐姐【王淑蔓】跟男友口交啪啪不健康自拍流出,https://gcbt.net/download/776063.html,1,0,SUCCESS,pdf/2026/2026-10-04_云盘高质露脸泄密！青岛温柔骚姐姐【王淑蔓】跟男友口交啪啪不健康自拍流出_gcbt.pdf
2026-10-04 20:25:50,gcbt,欲求不满の客室乘务员表面是温柔空姐背地里是淫荡肉便器-菠萝啤beer,https://gcbt.net/download/776065.html,1,0,SUCCESS,pdf/2026/2026-10-04_欲求不满の客室乘务员表面是温柔空姐背地里是淫荡肉便器-菠萝啤beer_gcbt.pdf
2026-10-04 20:26:11,gcbt,户外海边连衣裙甜美清纯自拍照，床上露脸啪啪秒变母狗，天然大奶无套边干边喷水 (9V),https://gcbt.net/download/776059.html,1,0,SUCCESS,pdf/2026/2026-10-04_户外海边连衣裙甜美清纯自拍照，床上露脸啪啪秒变母狗，天然大奶无套边干边喷水 (9V)_gcbt.pdf
2026-10-04 20:26:33,gcbt,大肚子孕妇【姐姐的奶味】新作！姐姐肚子已经很大了，但是性欲太强烈，只能轻一点插，还是侧插，爆乳大肚子 身材依然顶,https://gcbt.net/download/776053.html,4,3,SUCCESS,pdf/2026/2026-10-04_大肚子孕妇【姐姐的奶味】新作！姐姐肚子已经很大了，但是性欲太强烈，只能轻一点插，还是侧插，爆乳大肚子 身材依然顶_gcbt.pdf
2026-10-04 20:26:37,gcbt,熟女少妇老A8范儿露脸性爱自拍，真实多毛束缚调教，反差直接(14V),https://gcbt.net/download/776061.html,2,1,SUCCESS,pdf/2026/2026-10-04_熟女少妇老A8范儿露脸性爱自拍，真实多毛束缚调教，反差直接(14V)_gcbt.pdf
2026-10-04 20:26:49,gcbt,很骚的身材很好的TS反差婊 御姐蛋糕！专门勾引体育生高达又帅气的小鲜肉，以为是让小鲜肉干她，没想到是她狠干小鲜肉 还调教,https://gcbt.net/download/776048.html,4,3,SUCCESS,pdf/2026/2026-10-04_很骚的身材很好的TS反差婊 御姐蛋糕！专门勾引体育生高达又帅气的小鲜肉，以为是让小鲜肉干她，没想到是她狠干小鲜肉 还调教_gcbt.pdf
2026-10-04 20:27:24,gcbt,原創 情侶宿舍約會短發女友 剛做完美甲就過來吃雞無套插入騎乘後入 眼神被操,https://gcbt.net/download/775965.html,1,0,SUCCESS,pdf/2026/2026-10-04_原創 情侶宿舍約會短發女友 剛做完美甲就過來吃雞無套插入騎乘後入 眼神被操_gcbt.pdf
2026-10-04 20:27:31,gcbt,asmr橘子丰满内涵闷骚女，搔首弄姿撩狼友们,https://gcbt.net/download/775962.html,1,0,SUCCESS,pdf/2026/2026-10-04_asmr橘子丰满内涵闷骚女，搔首弄姿撩狼友们_gcbt.pdf
2026-10-04 20:27:32,gcbt,原創 高顏值女神裸替演員『沈樵』超大尺度劇情小電影-芭提雅失足少男第一次和女生做愛,https://gcbt.net/download/775967.html,2,1,SUCCESS,pdf/2026/2026-10-04_原創 高顏值女神裸替演員『沈樵』超大尺度劇情小電影-芭提雅失足少男第一次和女生做愛_gcbt.pdf
2026-10-04 20:27:36,gcbt,小铃铛很乖良家小母狗，乖巧美女自慰，双指插入扣嫩穴，翘起屁股流出淫水，跳蛋震动低低呻吟001,https://gcbt.net/download/775964.html,1,0,SUCCESS,pdf/2026/2026-10-04_小铃铛很乖良家小母狗，乖巧美女自慰，双指插入扣嫩穴，翘起屁股流出淫水，跳蛋震动低低呻吟001_gcbt.pdf
2026-10-04 20:27:46,gcbt,嘉嘉_18岁昆明女模清純嫩妹，肤白貌美胸又大，002,https://gcbt.net/download/775960.html,1,0,SUCCESS,pdf/2026/2026-10-04_嘉嘉_18岁昆明女模清純嫩妹，肤白貌美胸又大，002_gcbt.pdf
2026-10-04 20:27:47,gcbt,原創 前戲就差點射了，媳婦口活兒太好，強忍著操舒服老婆再說,https://gcbt.net/download/775966.html,2,1,SUCCESS,pdf/2026/2026-10-04_原創 前戲就差點射了，媳婦口活兒太好，強忍著操舒服老婆再說_gcbt.pdf
2026-10-04 20:27:52,gcbt,菠萝吹吹超级漂亮，清纯风，校园女神，一线天美丽鲍鱼005,https://gcbt.net/download/775961.html,1,0,SUCCESS,pdf/2026/2026-10-04_菠萝吹吹超级漂亮，清纯风，校园女神，一线天美丽鲍鱼005_gcbt.pdf
2026-10-04 20:27:57,gcbt,蜜桃小甜甜来啦瑜伽健身 上帝视角无套啪啪操得妙硬时刻让人想开撸,https://gcbt.net/download/775959.html,1,0,SUCCESS,pdf/2026/2026-10-04_蜜桃小甜甜来啦瑜伽健身 上帝视角无套啪啪操得妙硬时刻让人想开撸_gcbt.pdf
2026-10-04 20:27:58,gcbt,重磅福利秀人女神甜仔 土豪定制 黑丝ol大尺度自慰 鲍鱼非常鲜嫩尺度突破天，最后还撅起大屁股太骚了,https://gcbt.net/download/775963.html,2,1,SUCCESS,pdf/2026/2026-10-04_重磅福利秀人女神甜仔 土豪定制 黑丝ol大尺度自慰 鲍鱼非常鲜嫩尺度突破天，最后还撅起大屁股太骚了_gcbt.pdf
2026-10-04 20:28:10,gcbt,十九岁女大大屁股骚奶子黑丝诱惑，玩逼，奶子乱晃叫的骚004,https://gcbt.net/download/775958.html,1,0,SUCCESS,pdf/2026/2026-10-04_十九岁女大大屁股骚奶子黑丝诱惑，玩逼，奶子乱晃叫的骚004_gcbt.pdf
2026-10-04 20:28:15,gcbt,小巴辣子_绿清纯甜美妹子跳蛋塞嫩穴抖动屁股002,https://gcbt.net/download/775957.html,1,0,SUCCESS,pdf/2026/2026-10-04_小巴辣子_绿清纯甜美妹子跳蛋塞嫩穴抖动屁股002_gcbt.pdf
2026-10-04 20:28:16,gcbt,白骨精奶头好痒，浑身寂寞瘙痒，自摸自慰插出白浆，高潮不断，激情诱惑，撸管必备,https://gcbt.net/download/775955.html,1,0,SUCCESS,pdf/2026/2026-10-04_白骨精奶头好痒，浑身寂寞瘙痒，自摸自慰插出白浆，高潮不断，激情诱惑，撸管必备_gcbt.pdf
2026-10-04 20:28:20,gcbt,00后极品姐妹姐妹花的诱惑，情趣网丝激情艳舞大秀，揉奶玩逼道具摩擦，奶子都是又白又大又粉，舌吻刺激精彩不断好骚啊002,https://gcbt.net/download/775956.html,1,0,SUCCESS,pdf/2026/2026-10-04_00后极品姐妹姐妹花的诱惑，情趣网丝激情艳舞大秀，揉奶玩逼道具摩擦，奶子都是又白又大又粉，舌吻刺激精彩不断好骚啊002_gcbt.pdf
2026-10-04 20:28:22,gcbt,国产剧情強片精选20部合集,https://gcbt.net/download/775968.html,3,2,SUCCESS,pdf/2026/2026-10-04_国产剧情強片精选20部合集_gcbt.pdf
2026-10-04 20:28:24,gcbt,-顶级嫩妹 颜值少妇倾国倾城多P猛肏 高难度体位 最亮眼的还是女神级的新疆妹002,https://gcbt.net/download/775954.html,1,0,SUCCESS,pdf/2026/2026-10-04_-顶级嫩妹 颜值少妇倾国倾城多P猛肏 高难度体位 最亮眼的还是女神级的新疆妹002_gcbt.pdf
2026-10-04 20:28:37,gcbt,军阀太太全身白嫩新人小姐姐，独自在家寂寞，刚刮毛的骚穴，跳蛋震动，爽的呻吟003,https://gcbt.net/download/775953.html,1,0,SUCCESS,pdf/2026/2026-10-04_军阀太太全身白嫩新人小姐姐，独自在家寂寞，刚刮毛的骚穴，跳蛋震动，爽的呻吟003_gcbt.pdf
2026-10-04 20:29:28,gcbt,原創 抖音福利！性愛露出女王【葉嬌嬌】最新9.27號作品，情趣空姐互搞啪啪,https://gcbt.net/download/775832.html,1,0,SUCCESS,pdf/2026/2026-10-04_原創 抖音福利！性愛露出女王【葉嬌嬌】最新9.27號作品，情趣空姐互搞啪啪_gcbt.pdf
2026-10-04 20:29:28,gcbt,【新品】，极品性瘾小情侣【D先生和C小姐】付费福利，暴力性爱美学，被制服的空姐,https://gcbt.net/download/775812.html,1,0,SUCCESS,pdf/2026/2026-10-04_【新品】，极品性瘾小情侣【D先生和C小姐】付费福利，暴力性爱美学，被制服的空姐_gcbt.pdf
2026-10-04 20:29:28,gcbt,精品推荐高颜值女神裸替演员沈樵超大尺度剧情小电影-七旬老农的女鬼诱惑续集与老农干完再诱惑外国小伙,https://gcbt.net/download/775834.html,1,0,SUCCESS,pdf/2026/2026-10-04_精品推荐高颜值女神裸替演员沈樵超大尺度剧情小电影-七旬老农的女鬼诱惑续集与老农干完再诱惑外国小伙_gcbt.pdf
2026-10-04 20:29:37,gcbt,“请先生赴死”_山西大同订婚变强奸事件始末，最新庭审证据婚房内强奸监控证据流出完档！~1,https://gcbt.net/download/775809.html,1,0,SUCCESS,pdf/2026/2026-10-04_“请先生赴死”_山西大同订婚变强奸事件始末，最新庭审证据婚房内强奸监控证据流出完档！~1_gcbt.pdf
2026-10-04 20:29:38,gcbt,【AI短剧】禁忌的召唤EP0-7集合集，端庄温柔的女老师的禁忌欲望,https://gcbt.net/download/775808.html,1,0,SUCCESS,pdf/2026/2026-10-04_【AI短剧】禁忌的召唤EP0-7集合集，端庄温柔的女老师的禁忌欲望_gcbt.pdf
2026-10-04 20:29:39,gcbt,她是校园里那朵高傲的娇花——美女大学生，眼神清澈却带着倔强。,https://gcbt.net/download/775811.html,1,0,SUCCESS,pdf/2026/2026-10-04_她是校园里那朵高傲的娇花——美女大学生，眼神清澈却带着倔强。_gcbt.pdf
2026-10-04 20:29:47,gcbt,台湾群交淫啪EdMosaicJK嫩穴妹首次3P体验，群吊围攻,https://gcbt.net/download/775806.html,1,0,SUCCESS,pdf/2026/2026-10-04_台湾群交淫啪EdMosaicJK嫩穴妹首次3P体验，群吊围攻_gcbt.pdf
2026-10-04 20:29:49,gcbt,原創 大奶美女ReinaOhara 身材豐滿性感瑜伽老師在課後和帥氣小哥探討性福生活 被巨屌撐開私處各種無套爆操 口爆顏射吃精,https://gcbt.net/download/775835.html,3,2,SUCCESS,pdf/2026/2026-10-04_原創 大奶美女ReinaOhara 身材豐滿性感瑜伽老師在課後和帥氣小哥探討性福生活 被巨屌撐開私處各種無套爆操 口爆顏射吃精_gcbt.pdf
2026-10-04 20:29:54,gcbt,海角社区泡良大神内射人妻端午前夕约炮公园野战无套内射少妇女老师,https://gcbt.net/download/775807.html,1,0,SUCCESS,pdf/2026/2026-10-04_海角社区泡良大神内射人妻端午前夕约炮公园野战无套内射少妇女老师_gcbt.pdf
2026-10-04 20:30:01,gcbt,网爆明星门事件_知名导演和女艺人KTV淫乱现场流出3明星陪导演喝酒被舌吻摸奶调教_~1,https://gcbt.net/download/775801.html,1,0,SUCCESS,pdf/2026/2026-10-04_网爆明星门事件_知名导演和女艺人KTV淫乱现场流出3明星陪导演喝酒被舌吻摸奶调教_~1_gcbt.pdf
2026-10-04 20:30:03,gcbt,台湾群交淫啪EdMosaic萌妹少女1_萌女首次av初体验口爆吞精,https://gcbt.net/download/775803.html,1,0,SUCCESS,pdf/2026/2026-10-04_台湾群交淫啪EdMosaic萌妹少女1_萌女首次av初体验口爆吞精_gcbt.pdf
2026-10-04 20:30:03,gcbt,海角社区泡熟大神约操46岁黑丝袜气质熟女人妻阿姨，退役老空姐，个高皮肤白屄紧水多风骚。,https://gcbt.net/download/775805.html,1,0,SUCCESS,pdf/2026/2026-10-04_海角社区泡熟大神约操46岁黑丝袜气质熟女人妻阿姨，退役老空姐，个高皮肤白屄紧水多风骚。_gcbt.pdf
2026-10-04 20:30:05,gcbt,重磅推出苏畅10月10日作品-还原日本情欲按摩居然技师榨干肉棒,https://gcbt.net/download/775810.html,2,1,SUCCESS,pdf/2026/2026-10-04_重磅推出苏畅10月10日作品-还原日本情欲按摩居然技师榨干肉棒_gcbt.pdf
2026-10-04 20:30:07,gcbt,门事件工商银行副行长偷情下属老婆在家中喝酒闲聊后果断抱入房间一番大战！,https://gcbt.net/download/775804.html,1,0,SUCCESS,pdf/2026/2026-10-04_门事件工商银行副行长偷情下属老婆在家中喝酒闲聊后果断抱入房间一番大战！_gcbt.pdf
2026-10-04 20:30:09,gcbt,网爆门事件监控偷拍名师工作室领导和女下属会议室偷情视频泄漏社交媒体上热了~1,https://gcbt.net/download/775833.html,2,1,SUCCESS,pdf/2026/2026-10-04_网爆门事件监控偷拍名师工作室领导和女下属会议室偷情视频泄漏社交媒体上热了~1_gcbt.pdf
2026-10-04 20:30:17,gcbt,河南郑州旅游管理学院真实学生泄密 妹子遇人不淑，碰上个渣男,https://gcbt.net/download/775802.html,1,0,SUCCESS,pdf/2026/2026-10-04_河南郑州旅游管理学院真实学生泄密 妹子遇人不淑，碰上个渣男_gcbt.pdf
2026-10-04 20:31:02,gcbt,大屌無套爆操內射極品白虎嫩穴，極品身材主動榨精！,https://gcbt.net/download/775776.html,1,0,SUCCESS,pdf/2026/2026-10-04_大屌無套爆操內射極品白虎嫩穴，極品身材主動榨精！_gcbt.pdf
2026-10-04 20:31:21,gcbt,大奶美眉 被大肉棒無套輸出 射了一肚皮 有時操逼也要簡單粗暴 狂野一點 女人也很享受,https://gcbt.net/download/775775.html,1,0,SUCCESS,pdf/2026/2026-10-04_大奶美眉 被大肉棒無套輸出 射了一肚皮 有時操逼也要簡單粗暴 狂野一點 女人也很享受_gcbt.pdf
2026-10-04 20:31:37,gcbt,臀控熟女控福利后入各种大肥臀情趣丝袜看着鸡巴进出肥逼征服感强烈,https://gcbt.net/download/775752.html,2,1,SUCCESS,pdf/2026/2026-10-04_臀控熟女控福利后入各种大肥臀情趣丝袜看着鸡巴进出肥逼征服感强烈_gcbt.pdf
2026-10-04 20:31:44,gcbt,大神胖Tiger重金約戰交過七八個男朋友做過女教師的漂亮小姐姐一鏡到底全程露臉銷魂呻吟各種高潮臉內射對話很精彩,https://gcbt.net/download/775774.html,1,0,SUCCESS,pdf/2026/2026-10-04_大神胖Tiger重金約戰交過七八個男朋友做過女教師的漂亮小姐姐一鏡到底全程露臉銷魂呻吟各種高潮臉內射對話很精彩_gcbt.pdf
2026-10-04 20:32:38,gcbt,咪妮 #AVJiali 自慰给男友看被经纪偷拍 遭胁迫献逼 却被经纪人的大屌操到高潮 含屌接电话,https://gcbt.net/download/775692.html,1,0,SUCCESS,pdf/2026/2026-10-03_咪妮 #AVJiali 自慰给男友看被经纪偷拍 遭胁迫献逼 却被经纪人的大屌操到高潮 含屌接电话_gcbt.pdf
2026-10-04 20:32:54,gcbt,麻豆传媒 MD-0044 兄妹蕉谈 近亲之间的荒唐性爱-林予曦,https://gcbt.net/download/775691.html,1,0,SUCCESS,pdf/2026/2026-10-03_麻豆传媒 MD-0044 兄妹蕉谈 近亲之间的荒唐性爱-林予曦_gcbt.pdf
2026-10-04 20:32:55,gcbt,颜值气质美女，国人博主「Chloe Lin」林千夜，FapHouse.26.07.26.华裔骚货主动献逼求升天，骚货被洋屌灌满猛操,https://gcbt.net/download/775693.html,2,1,SUCCESS,pdf/2026/2026-10-03_颜值气质美女，国人博主「Chloe Lin」林千夜，FapHouse.26.07.26.华裔骚货主动献逼求升天，骚货被洋屌灌满猛操_gcbt.pdf
2026-10-04 20:33:21,gcbt,林思妤# AVJiali 跟已婚上司分手旷工一天 暗恋她的男同事上门关心 两人直接操逼发泄,https://gcbt.net/download/775690.html,2,1,SUCCESS,pdf/2026/2026-10-03_林思妤# AVJiali 跟已婚上司分手旷工一天 暗恋她的男同事上门关心 两人直接操逼发泄_gcbt.pdf
2026-10-04 19:57:51,seju,【原档泄密】电报高质量素人露脸付费群556-565期[76V/48P/6G],https://seju.life/24865/%e3%80%90%e5%8e%9f%e6%a1%a3%e6%b3%84%e5%af%86%e3%80%91%e7%94%b5%e6%8a%a5%e9%ab%98%e8%b4%a8%e9%87%8f%e7%b4%a0%e4%ba%ba%e9%9c%b2%e8%84%b8%e4%bb%98%e8%b4%b9%e7%be%a4556-565%e6%9c%9f76v-48p-6g/,1,0,SUCCESS,pdf/2026/2026-10-04_【原档泄密】电报高质量素人露脸付费群556-565期[76V_48P_6G]_seju.pdf
2026-10-04 19:57:53,seju,顶级大神【首尔大武器】最新福利 约啪八位极品美女[28V/800P/2.05G],https://seju.life/24859/%e9%a1%b6%e7%ba%a7%e5%a4%a7%e7%a5%9e%e3%80%90%e9%a6%96%e5%b0%94%e5%a4%a7%e6%ad%a6%e5%99%a8%e3%80%91%e6%9c%80%e6%96%b0%e7%a6%8f%e5%88%a9-%e7%ba%a6%e5%95%aa%e5%85%ab%e4%bd%8d%e6%9e%81%e5%93%81%e7%be%8e/,1,0,SUCCESS,pdf/2026/2026-10-04_顶级大神【首尔大武器】最新福利 约啪八位极品美女[28V_800P_2.05G]_seju.pdf
2026-10-04 19:58:20,seju,日本无码片商 一本道 1Pon 2026年9月合集[15V/30.76G],https://seju.life/24860/%e6%97%a5%e6%9c%ac%e6%97%a0%e7%a0%81%e7%89%87%e5%95%86-%e4%b8%80%e6%9c%ac%e9%81%93-1pon-2026%e5%b9%b49%e6%9c%88%e5%90%88%e9%9b%8615v-30-76g/,2,1,SUCCESS,pdf/2026/2026-10-04_日本无码片商 一本道 1Pon 2026年9月合集[15V_30.76G]_seju.pdf
2026-10-04 19:58:44,seju,【精品】大神【甲帝】最新空姐汤圆潮吹+私拍福利[17V/112P/1.47G],https://seju.life/24858/%e3%80%90%e7%b2%be%e5%93%81%e3%80%91%e5%a4%a7%e7%a5%9e%e3%80%90%e7%94%b2%e5%b8%9d%e3%80%91%e6%9c%80%e6%96%b0%e7%a9%ba%e5%a7%90%e6%b1%a4%e5%9c%86%e6%bd%ae%e5%90%b9%e7%a7%81%e6%8b%8d%e7%a6%8f%e5%88%a9/,1,0,SUCCESS,pdf/2026/2026-10-04_【精品】大神【甲帝】最新空姐汤圆潮吹+私拍福利[17V_112P_1.47G]_seju.pdf
2026-10-04 19:58:52,seju,火爆各大成人平台的越南阿黑颜网黄Coser「Meiilyn」私拍合集（16v）,https://seju.life/23421/%e7%81%ab%e7%88%86%e5%90%84%e5%a4%a7%e6%88%90%e4%ba%ba%e5%b9%b3%e5%8f%b0%e7%9a%84%e8%b6%8a%e5%8d%97%e9%98%bf%e9%bb%91%e9%a2%9c%e7%bd%91%e9%bb%84coser%e3%80%8cmeiilyn%e3%80%8d%e7%a7%81%e6%8b%8d/,1,0,SUCCESS,pdf/2026/2026-10-04_火爆各大成人平台的越南阿黑颜网黄Coser「Meiilyn」私拍合集（16v）_seju.pdf
2026-10-04 19:59:03,seju,【推特微博 麻薯好吃】极品女神 情趣制服大尺度写真花絮,https://seju.life/23423/%e3%80%90%e6%8e%a8%e7%89%b9%e5%be%ae%e5%8d%9a-%e9%ba%bb%e8%96%af%e5%a5%bd%e5%90%83%e3%80%91%e6%9e%81%e5%93%81%e5%a5%b3%e7%a5%9e-%e6%83%85%e8%b6%a3%e5%88%b6%e6%9c%8d%e5%a4%a7%e5%b0%ba%e5%ba%a6%e5%86%99/,1,0,SUCCESS,pdf/2026/2026-10-04_【推特微博 麻薯好吃】极品女神 情趣制服大尺度写真花絮_seju.pdf
2026-10-04 19:59:17,seju,双马尾反差萝莉【natsu067】二次元反差甜妹[8V/13.6G],https://seju.life/24862/%e5%8f%8c%e9%a9%ac%e5%b0%be%e5%8f%8d%e5%b7%ae%e8%90%9d%e8%8e%89%e3%80%90natsu067%e3%80%91%e4%ba%8c%e6%ac%a1%e5%85%83%e5%8f%8d%e5%b7%ae%e7%94%9c%e5%a6%b98v-13-6g/,1,0,SUCCESS,pdf/2026/2026-10-04_双马尾反差萝莉【natsu067】二次元反差甜妹[8V_13.6G]_seju.pdf
2026-10-04 19:59:26,seju,AI短剧更新《网调我的冰山妈妈》 1-5《温泉之旅不眠夜》1-10《语文老师的真面目》1-5[20V/2.03G],https://seju.life/24867/ai%e7%9f%ad%e5%89%a7%e6%9b%b4%e6%96%b0%e3%80%8a%e7%bd%91%e8%b0%83%e6%88%91%e7%9a%84%e5%86%b0%e5%b1%b1%e5%a6%88%e5%a6%88%e3%80%8b-1-5%e3%80%8a%e6%b8%a9%e6%b3%89%e4%b9%8b%e6%97%85%e4%b8%8d%e7%9c%a0/,1,0,SUCCESS,pdf/2026/2026-10-04_AI短剧更新《网调我的冰山妈妈》 1-5《温泉之旅不眠夜》1-10《语文老师的真面目》1-5[20V_2.03G]_seju.pdf
2026-10-04 20:03:42,seju,AI真人漫画+原版漫画 我喜欢的人是母亲+妈妈也是女人啊01-06[1515P/522M],https://seju.life/24849/ai%e7%9c%9f%e4%ba%ba%e6%bc%ab%e7%94%bb%e5%8e%9f%e7%89%88%e6%bc%ab%e7%94%bb-%e6%88%91%e5%96%9c%e6%ac%a2%e7%9a%84%e4%ba%ba%e6%98%af%e6%af%8d%e4%ba%b2%e5%a6%88%e5%a6%88%e4%b9%9f%e6%98%af%e5%a5%b3/,1,0,SUCCESS,pdf/2026/2026-10-02_AI真人漫画+原版漫画 我喜欢的人是母亲+妈妈也是女人啊01-06[1515P_522M]_seju.pdf
2026-10-04 20:04:08,seju,【9.26极品泄密(1)】六位超高颜值极品女神原档泄密流出[103V/94P/4.25G],https://seju.life/24863/%e3%80%909-26%e6%9e%81%e5%93%81%e6%b3%84%e5%af%861%e3%80%91%e5%85%ad%e4%bd%8d%e8%b6%85%e9%ab%98%e9%a2%9c%e5%80%bc%e6%9e%81%e5%93%81%e5%a5%b3%e7%a5%9e%e5%8e%9f%e6%a1%a3%e6%b3%84%e5%af%86%e6%b5%81/,1,0,SUCCESS,pdf/2026/2026-10-04_【9.26极品泄密(1)】六位超高颜值极品女神原档泄密流出[103V_94P_4.25G]_seju.pdf
2026-10-04 20:04:34,seju,cosplay春丽裸舞 给力裙子裸舞 各种制服【soll0002】专业选手[41V/5.54G],https://seju.life/24844/cosplay%e6%98%a5%e4%b8%bd%e8%a3%b8%e8%88%9e-%e7%bb%99%e5%8a%9b%e8%a3%99%e5%ad%90%e8%a3%b8%e8%88%9e-%e5%90%84%e7%a7%8d%e5%88%b6%e6%9c%8d%e3%80%90soll0002%e3%80%91%e4%b8%93%e4%b8%9a%e9%80%89%e6%89%8b41/,1,0,SUCCESS,pdf/2026/2026-10-02_cosplay春丽裸舞 给力裙子裸舞 各种制服【soll0002】专业选手[41V_5.54G]_seju.pdf
2026-10-04 20:04:39,seju,要福利每日分享2026-10-03,https://seju.life/24837/%e8%a6%81%e7%a6%8f%e5%88%a9%e6%af%8f%e6%97%a5%e5%88%86%e4%ba%ab2026-10-03/,1,0,SUCCESS,pdf/2026/2026-10-02_要福利每日分享2026-10-03_seju.pdf
2026-10-04 20:05:10,seju,张爱玲粉丝祭管家的艳福+被痴女狠狠调教,https://seju.life/24840/%e5%bc%a0%e7%88%b1%e7%8e%b2%e7%b2%89%e4%b8%9d%e7%a5%ad%e7%ae%a1%e5%ae%b6%e7%9a%84%e8%89%b3%e7%a6%8f%e8%a2%ab%e7%97%b4%e5%a5%b3%e7%8b%a0%e7%8b%a0%e8%b0%83%e6%95%99/,1,0,SUCCESS,pdf/2026/2026-10-02_张爱玲粉丝祭管家的艳福+被痴女狠狠调教_seju.pdf
2026-10-04 20:05:15,seju,蜜桃短剧，黄果破解版，全网最火的短剧应用，海量成人短剧、AI原创短剧、AI漫剧与真人短剧等你品鉴,https://seju.life/24853/%e8%9c%9c%e6%a1%83%e7%9f%ad%e5%89%a7%ef%bc%8c%e9%bb%84%e6%9e%9c%e7%a0%b4%e8%a7%a3%e7%89%88%ef%bc%8c%e5%85%a8%e7%bd%91%e6%9c%80%e7%81%ab%e7%9a%84%e7%9f%ad%e5%89%a7%e5%ba%94%e7%94%a8%ef%bc%8c%e6%b5%b7/,2,1,SUCCESS,pdf/2026/2026-10-03_蜜桃短剧，黄果破解版，全网最火的短剧应用，海量成人短剧、AI原创短剧、AI漫剧与真人短剧等你品鉴_seju.pdf
2026-10-04 20:06:11,seju,不能错过的高质量FC2【原档●合集01】[29V/73.15G],https://seju.life/23516/%e4%b8%8d%e8%83%bd%e9%94%99%e8%bf%87%e7%9a%84%e9%ab%98%e8%b4%a8%e9%87%8ffc2%e3%80%90%e5%8e%9f%e6%a1%a3%e2%97%8f%e5%90%88%e9%9b%8601%e3%80%9129v-73-15g/,1,0,SUCCESS,pdf/2026/2026-10-02_不能错过的高质量FC2【原档●合集01】[29V_73.15G]_seju.pdf
